{
    "means": {
        "f01": 14.08779385964913,
        "f02": 19.334057017543852,
        "f03": 91.70313596491232,
        "f04": 651.7403508771932,
        "f05": 0.09613802631578938,
        "f06": 0.10384631578947369,
        "f07": 0.0889225585526316,
        "f08": 0.04869263596491227,
        "f09": 0.18044407894736858,
        "f10": 0.06280828947368418,
        "f11": 0.3961379385964911,
        "f12": 1.2227127192982454,
        "f13": 2.8042061403508765,
        "f14": 39.12660745614038,
        "f15": 0.006950508771929829,
        "f16": 0.02547986842105264,
        "f17": 0.03229303223684209,
        "f18": 0.011732361842105255,
        "f19": 0.020341692982456156,
        "f20": 0.0038050712719298256,
        "f21": 16.203179824561396,
        "f22": 25.74164473684209,
        "f23": 106.81732456140347,
        "f24": 875.7942982456141,
        "f25": 0.13212986842105265,
        "f26": 0.25402848684210555,
        "f27": 0.2735067346491229,
        "f28": 0.11413943201754394,
        "f29": 0.28855394736842116,
        "f30": 0.08385657894736842
    },
    "stds": {
        "f01": 3.5519670125877667,
        "f02": 4.282602832497741,
        "f03": 24.50362030285133,
        "f04": 352.85431516543144,
        "f05": 0.013801660978532219,
        "f06": 0.05226579807039421,
        "f07": 0.08084530268746447,
        "f08": 0.038754675025286164,
        "f09": 0.026262900085634856,
        "f10": 0.007046959700730034,
        "f11": 0.25405962185793796,
        "f12": 0.5514246607227941,
        "f13": 1.832312902367386,
        "f14": 41.78170917973123,
        "f15": 0.002724269146457535,
        "f16": 0.017590827276156514,
        "f17": 0.03148660025680612,
        "f18": 0.0059059104869420035,
        "f19": 0.008015907201133345,
        "f20": 0.0027418923863805384,
        "f21": 4.894407833223722,
        "f22": 6.041399711632106,
        "f23": 33.95017970257721,
        "f24": 580.0359434584052,
        "f25": 0.02248630252623428,
        "f26": 0.1570461868246627,
        "f27": 0.2115643300091529,
        "f28": 0.06519696547138285,
        "f29": 0.06084706378451818,
        "f30": 0.01791204685557714
    }
}