{
    "means": {
        "f01": 14.152302631578959,
        "f02": 19.081842105263146,
        "f03": 92.12464912280707,
        "f04": 657.8859649122809,
        "f05": 0.0962482017543859,
        "f06": 0.10405486842105263,
        "f07": 0.08826215285087718,
        "f08": 0.0485725657894737,
        "f09": 0.18054495614035107,
        "f10": 0.06269372807017543,
        "f11": 0.40186578947368384,
        "f12": 1.1811339912280698,
        "f13": 2.846257017543858,
        "f14": 40.323114035087734,
        "f15": 0.007009274122807023,
        "f16": 0.02525108333333334,
        "f17": 0.031779183333333315,
        "f18": 0.011758881578947365,
        "f19": 0.020291815789473693,
        "f20": 0.0037694853070175437,
        "f21": 16.28499342105263,
        "f22": 25.41043859649121,
        "f23": 107.39199561403508,
        "f24": 883.5171052631578,
        "f25": 0.13245252192982468,
        "f26": 0.2545321491228074,
        "f27": 0.27175282456140365,
        "f28": 0.11433749780701749,
        "f29": 0.2901627192982457,
        "f30": 0.08395592105263157
    },
    "stds": {
        "f01": 3.5564843086794538,
        "f02": 4.119338113010411,
        "f03": 24.50420987126653,
        "f04": 359.4701043070139,
        "f05": 0.013739339613785735,
        "f06": 0.052172458630421935,
        "f07": 0.07931165379178103,
        "f08": 0.03871594488732955,
        "f09": 0.02680492280517664,
        "f10": 0.007091215221927329,
        "f11": 0.2859337041670954,
        "f12": 0.5161108436682446,
        "f13": 2.0842682856762758,
        "f14": 47.84381675543484,
        "f15": 0.0030891845848729747,
        "f16": 0.018278385723252077,
        "f17": 0.03148695058001827,
        "f18": 0.006334642695042691,
        "f19": 0.007911551619886189,
        "f20": 0.0027639159523375235,
        "f21": 4.849806302460459,
        "f22": 5.9967787162813915,
        "f23": 33.709099338406745,
        "f24": 578.6859872872255,
        "f25": 0.02204043917712161,
        "f26": 0.15845279335626772,
        "f27": 0.20850939652818856,
        "f28": 0.06586350671438987,
        "f29": 0.060127892747173,
        "f30": 0.018482573164961345
    }
}